Wall time,Step,Value
1485993639.108709,601,0.19464927911758423
1485993639.3772001,701,0.01782435178756714
1485993640.7030978,1201,0.3084615468978882
1485993641.5145178,1501,0.06622618436813354
1485993641.7757628,1601,0.03878229856491089
1485993642.5756736,1901,-0.013860225677490234
1485993643.1077795,2101,0.10907834768295288
1485993644.1782546,2501,-5.066394805908203e-05
1485993647.4055982,3701,0.035317957401275635
1485993648.4654586,4101,0.17158764600753784
1485993648.9948742,4301,0.3917321562767029
1485993649.5365093,4501,0.5537252426147461
1485993649.8010201,4601,0.4409930109977722
1485993650.3365266,4801,0.7453216314315796
1485993651.9363127,5401,0.4615291953086853
1485993652.199748,5501,0.9680421352386475
1485993652.4676573,5601,0.6844356656074524
1485993652.725909,5701,0.41422414779663086
1485993652.9952173,5801,0.6550675630569458
1485993655.1403413,6601,0.2594226598739624
1485993655.9310029,6901,0.5019911527633667
1485993656.7242334,7201,0.467132568359375
1485993656.9871826,7301,0.07173186540603638
1485993657.249907,7401,0.41399043798446655
1485993657.5125651,7501,0.572973370552063
1485993658.8557472,8001,0.7090455889701843
1485993660.9950142,8801,0.6032863855361938
1485993661.2694986,8901,0.7127460241317749
1485993662.8955739,9501,0.3090583086013794
1485993665.04327,10301,0.5772416591644287
1485993665.8442392,10601,0.5359624624252319
1485993666.1113856,10701,0.346086323261261
1485993667.98458,11401,0.4377554655075073
1485993668.785539,11701,0.3195582628250122
1485993669.330666,11901,0.29057592153549194
1485993671.4670777,12701,0.20154112577438354
1485993672.269978,13001,0.5817357897758484
1485993672.538869,13101,0.4610064625740051
1485993674.965295,14001,0.489249587059021
1485993675.50595,14201,0.29821717739105225
1485993675.8038712,14301,0.5788324475288391
1485993676.0710764,14401,0.18022602796554565
1485993677.9675426,15101,0.4012553095817566
1485993679.3088803,15601,0.8426811099052429
1485993679.891868,15801,0.9045050144195557
1485993680.1631217,15901,0.2840456962585449
1485993681.3843408,16301,0.6670857667922974
1485993682.8235538,16801,0.8079563975334167
1485993683.100305,16901,0.5639026165008545
1485993683.9189947,17201,0.9294552803039551
1485993685.5527613,17801,0.487406849861145
1485993685.8193343,17901,0.6850814819335938
1485993686.3561442,18101,0.529621958732605
1485993687.155795,18401,0.39765864610671997
1485993687.6885874,18601,0.657231867313385
1485993687.9606705,18701,0.5714889764785767
1485993688.4964986,18901,0.48106837272644043
1485993689.0298645,19101,0.4371040463447571
1485993689.2951477,19201,0.3493848443031311
1485993691.1570122,19901,0.7056002616882324
1485993693.2889638,20701,0.502291202545166
1485993693.5623145,20801,0.6244858503341675
1485993693.826461,20901,0.4061533212661743
1485993694.9092023,21301,0.4983927607536316
1485993697.5987084,22301,0.4978208541870117
1485993697.8648398,22401,0.6479596495628357
1485993698.4003057,22601,0.32922935485839844
1485993699.4658766,23001,0.4432631731033325
1485993700.2644155,23301,0.3632426857948303
1485993700.5312767,23401,0.5496430397033691
1485993700.798793,23501,0.9589976072311401
1485993701.603918,23801,0.6175922155380249
1485993704.804453,25001,0.7363110780715942
1485993706.4102051,25601,0.6423294544219971
1485993707.2069912,25901,0.6853228211402893
1485993707.7464056,26101,0.3671485185623169
1485993708.0098085,26201,0.9497110843658447
1485993708.540829,26401,0.4544312357902527
1485993709.6104853,26801,0.6015937328338623
1485993710.6755948,27201,0.6023192405700684
1485993711.209507,27401,0.3679943084716797
1485993712.5476665,27901,0.7155792713165283
1485993716.3127487,29301,0.857674241065979
1485993717.6420321,29801,0.5753198266029358
1485993717.9072,29901,0.6563913822174072
1485993718.9897094,30301,0.6494753360748291
1485993719.2675915,30401,0.8058178424835205
1485993720.3531196,30801,0.5147066116333008
1485993720.6185555,30901,0.48086315393447876
1485993721.1496663,31101,0.17037206888198853
1485993721.9578094,31401,0.7937207221984863
1485993723.2860112,31901,0.5261709094047546
1485993723.5643017,32001,0.8821126222610474
1485993723.8313317,32101,0.7846895456314087
1485993725.1609104,32601,0.2465340495109558
1485993725.439975,32701,0.6153984069824219
1485993725.7168925,32801,0.9350637197494507
1485993726.5258782,33101,0.9051809906959534
1485993728.9495604,34001,0.5495231747627258
1485993729.4955568,34201,0.7137494087219238
1485993731.1062138,34801,0.7799311280250549
1485993732.7279024,35401,0.31901490688323975
1485993733.000868,35501,0.6503276228904724
1485993734.6264112,36101,0.3506799340248108
1485993735.4256206,36401,0.909102201461792
1485993736.4815443,36801,0.8784806132316589
1485993737.553197,37201,0.5276468992233276
1485993738.089631,37401,0.7623478174209595
1485993739.1543694,37801,0.1400204300880432
1485993739.4218905,37901,0.471077561378479
1485993739.6834729,38001,0.9673722386360168
1485993740.2113585,38201,0.472997784614563
1485993741.5383954,38701,0.7128870487213135
1485993742.881327,39201,0.9109731316566467
1485993743.1516132,39301,0.9066263437271118
1485993743.41963,39401,0.6310261487960815
1485993747.4566214,40901,0.547997772693634
1485993749.3149467,41601,0.7384859919548035
1485993750.9214177,42201,0.7585086226463318
1485993751.1888647,42301,0.8178653717041016
1485993751.7221496,42501,0.3718652129173279
1485993752.2609997,42701,0.49552690982818604
1485993753.3182843,43101,0.20328938961029053
1485993755.72116,44001,0.6851169466972351
1485993756.2583702,44201,0.590114176273346
1485993756.518063,44301,0.9062131643295288
1485993757.3189101,44601,0.916265070438385
1485993758.9449325,45201,0.8093414306640625
1485993761.109513,46001,0.48566704988479614
1485993761.3763487,46101,0.6779321432113647
1485993762.1802423,46401,0.8904540538787842
1485993762.4472792,46501,0.08987420797348022
1485993764.872073,47401,0.42575669288635254
1485993765.138901,47501,0.6494840383529663
1485993768.106163,48601,0.9285796284675598
1485993768.8981245,48901,0.5328339338302612
1485993769.1656651,49001,0.7105085849761963
1485993769.6944888,49201,0.8023074865341187
1485993770.222903,49401,0.4701032042503357
1485993773.9495187,50801,0.6257608532905579
1485993775.300676,51301,0.8113143444061279
1485993775.8419898,51501,0.9051182866096497
1485993776.6399498,51801,0.7917943596839905
1485993777.1678321,52001,0.8881655335426331
1485993778.5107825,52501,0.717652440071106
1485993778.7773888,52601,0.9376806616783142
1485993780.3743746,53201,0.335521936416626
1485993780.8978138,53401,0.9525711536407471
1485993781.1628907,53501,0.7047679424285889
1485993781.696257,53701,0.8023819923400879
1485993781.9639494,53801,0.4043894410133362
1485993782.757552,54101,0.6540955305099487
1485993783.290709,54301,0.8066700100898743
1485993784.6325266,54801,0.5720570087432861
1485993784.8982475,54901,0.8637709617614746
1485993787.3017244,55801,0.6042948961257935
1485993787.8322816,56001,0.3183521628379822
1485993788.8925052,56401,0.5486700534820557
1485993789.1602674,56501,0.42304903268814087
1485993789.4306648,56601,0.9352936744689941
1485993790.512728,57001,0.5686876773834229
1485993791.5757625,57401,0.4245625138282776
1485993791.840867,57501,0.19868993759155273
1485993792.638328,57801,0.9406644701957703
1485993793.1663752,58001,0.2279646396636963
1485993793.7099113,58201,0.566596269607544
1485993793.9827979,58301,0.7444578409194946
1485993794.2567065,58401,0.6558752059936523
1485993794.5213926,58501,0.18034452199935913
1485993795.055503,58701,0.7806723713874817
1485993795.3287797,58801,0.7133353352546692
1485993796.6625035,59301,0.7781144380569458
1485993796.928071,59401,0.8807215690612793
1485993798.0099087,59801,0.13253271579742432
1485993798.811816,60101,0.5737606883049011
1485993799.3537714,60301,0.5605617761611938
1485993800.948606,60901,0.49731510877609253
1485993801.4913936,61101,0.5464401245117188
1485993802.8405104,61601,0.7045473456382751
1485993803.915368,62001,0.869445264339447
1485993804.1792717,62101,0.47185224294662476
1485993804.7053955,62301,0.9389657378196716
1485993807.8899133,63501,0.9460824131965637
1485993809.7814274,64201,0.7328594923019409
1485993810.0494277,64301,0.5231070518493652
1485993810.5856092,64501,0.81791090965271
1485993810.853855,64601,0.9401785731315613
1485993811.136401,64701,0.313041090965271
1485993811.4066157,64801,0.5150456428527832
1485993811.935884,65001,0.9528328776359558
1485993812.7220001,65301,0.4711669087409973
1485993813.7826245,65701,0.5470631122589111
1485993814.0480604,65801,0.7042586803436279
1485993815.1199903,66201,0.8461215496063232
1485993815.923767,66501,0.9403785467147827
1485993816.981953,66901,0.6082507371902466
1485993817.7816167,67201,0.4268011450767517
1485993818.0488694,67301,0.6279243230819702
1485993818.5934947,67501,0.7270108461380005
1485993818.8591478,67601,0.47607284784317017
1485993819.4019213,67801,0.4859795570373535
1485993819.6666467,67901,0.29428356885910034
1485993819.931641,68001,0.18425887823104858
1485993820.7222047,68301,0.9462796449661255
1485993820.9874787,68401,0.5303993225097656
1485993821.2585392,68501,0.8704124093055725
1485993821.7901874,68701,0.7130982875823975
1485993822.3287907,68901,0.5679186582565308
1485993822.592603,69001,0.533531904220581
1485993824.4773154,69701,0.5397816896438599
1485993825.278199,70001,0.7266685962677002
1485993826.3532863,70401,0.8981716632843018
1485993827.1623688,70701,0.32213443517684937
1485993827.7001522,70901,0.1955873966217041
1485993828.2501452,71101,0.5235797166824341
1485993829.3082726,71501,0.9397618770599365
1485993830.3506494,71901,0.6033366918563843
1485993831.1407998,72201,0.1818498969078064
1485993831.4178057,72301,0.9883133172988892
1485993831.6796575,72401,0.5175014734268188
1485993831.943268,72501,0.790151834487915
1485993833.5399778,73101,0.38074928522109985
1485993835.1424687,73701,0.7326847314834595
1485993835.6718104,73901,0.6717017889022827
1485993835.938239,74001,0.3848259449005127
1485993836.996081,74401,0.6671292185783386
1485993837.8071957,74701,0.9393641352653503
1485993838.0735922,74801,0.8969569206237793
1485993838.8896918,75101,0.34737294912338257
1485993839.16353,75201,0.6638168096542358
1485993839.4339368,75301,0.9711289405822754
1485993839.9599066,75501,0.7224928736686707
1485993840.4891984,75701,0.7170777320861816
1485993842.1044152,76301,0.641921877861023
1485993842.9158404,76601,0.9142036437988281
1485993843.1877108,76701,0.5823638439178467
1485993844.0074992,77001,0.9108455181121826
1485993844.2754636,77101,0.8326085209846497
1485993844.5435414,77201,0.7993333339691162
1485993845.0761366,77401,0.7950374484062195
1485993845.3412423,77501,0.824977695941925
1485993846.9477398,78101,0.4481087327003479
1485993848.019452,78501,0.9486802816390991
1485993848.2869537,78601,0.8276803493499756
1485993848.8161001,78801,0.7128508687019348
1485993849.347028,79001,0.9258489608764648
1485993849.8718123,79201,0.5838561654090881
1485993850.1363757,79301,0.7410168647766113
1485993850.406491,79401,0.8261884450912476
1485993850.6695452,79501,0.18233776092529297
1485993850.938204,79601,0.6276133060455322
1485993851.7524478,79901,0.32233160734176636
1485993852.29153,80101,0.326469361782074
1485993852.8287168,80301,0.6707133054733276
1485993853.6374478,80601,0.7042567729949951
1485993854.1668036,80801,0.49140650033950806
1485993854.435795,80901,0.6941661834716797
1485993854.7018945,81001,0.7790236473083496
1485993856.3194056,81601,0.8589590787887573
1485993856.5793583,81701,0.74884033203125
1485993857.110139,81901,0.9376554489135742
1485993857.9111269,82201,0.956802248954773
1485993858.9830506,82601,0.9314110279083252
1485993859.7874923,82901,0.5445529818534851
1485993860.59397,83201,0.9622604846954346
1485993860.8574026,83301,0.9307448863983154
1485993861.3973026,83501,0.937454104423523
1485993861.9254158,83701,0.7796536684036255
1485993862.4759972,83901,0.3258325457572937
1485993863.821345,84401,0.9406601190567017
1485993864.616771,84701,0.7382590770721436
1485993865.150318,84901,0.6736493110656738
1485993869.1718395,86401,0.6776509284973145
1485993870.234927,86801,0.9595614671707153
1485993870.7714097,87001,0.8095828294754028
1485993871.0385532,87101,0.693156361579895
1485993872.114755,87501,0.9182514548301697
1485993872.6516016,87701,0.7390409111976624
1485993872.9169884,87801,0.6375051736831665
1485993873.7297778,88101,0.6841062307357788
1485993874.2653742,88301,0.5775732398033142
1485993874.8017046,88501,0.6845411062240601
1485993875.6038368,88801,0.9245169758796692
1485993876.1503992,89001,0.6213659048080444
1485993876.4212253,89101,0.8648751974105835
1485993876.953771,89301,0.4212483763694763
1485993878.0518272,89701,0.4574446678161621
1485993879.1218917,90101,0.9202678799629211
1485993880.9869363,90801,0.6413522362709045
1485993881.256259,90901,0.3996489644050598
1485993881.528219,91001,0.8636655807495117
1485993881.7936509,91101,0.9102173447608948
1485993882.3350673,91301,0.7973247766494751
1485993883.1431534,91601,0.6771472096443176
1485993883.42076,91701,0.9100914597511292
1485993883.6863272,91801,0.5965064764022827
1485993884.489707,92101,0.6448252201080322
1485993884.752999,92201,0.9218853116035461
1485993885.021641,92301,0.9529783725738525
1485993885.2927854,92401,0.8248163461685181
1485993887.4520907,93201,0.5071937441825867
1485993887.7224445,93301,0.2249464988708496
1485993888.5330465,93601,0.3350979685783386
1485993890.4139946,94301,0.9755122065544128
1485993891.2084613,94601,0.8878264427185059
1485993893.3658223,95401,0.926643967628479
1485993893.6348283,95501,0.5774950981140137
1485993894.1706505,95701,0.3758876919746399
1485993894.4442723,95801,0.7024194002151489
1485993894.7082732,95901,0.7038607001304626
1485993895.5108292,96201,0.6962001323699951
1485993895.7757533,96301,0.6270037889480591
1485993896.3156378,96501,0.454673707485199
1485993896.8375454,96701,0.542662501335144
1485993898.1760628,97201,0.9256982207298279
1485993898.4542835,97301,0.5176595449447632
1485993899.5251281,97701,0.4101518988609314
1485993899.78858,97801,0.936720609664917
1485993900.0552099,97901,0.5685310959815979
1485993900.322433,98001,0.8993206024169922
1485993901.1158361,98301,0.6796659231185913
1485993901.3822172,98401,0.9760302305221558
1485993901.6457922,98501,0.7563061714172363
1485993902.4528787,98801,0.47780758142471313
1485993902.718924,98901,0.6539995670318604
1485993904.8677938,99701,0.6405261754989624
1485993905.9380746,100101,0.9404480457305908
1485993906.4724996,100301,0.7267227172851562
1485993907.0023277,100501,0.7794672250747681
1485993907.2761395,100601,0.7660004496574402
1485993908.071867,100901,0.6171055436134338
1485993908.8637183,101201,0.7358256578445435
1485993909.1321228,101301,0.5697498917579651
1485993909.4056647,101401,0.8126076459884644
1485993909.6782277,101501,0.5971755981445312
1485993910.489649,101801,0.5676971673965454
1485993912.6395938,102601,0.5380030870437622
1485993913.175849,102801,0.7275745272636414
1485993913.7226481,103001,0.8497998118400574
1485993914.268114,103201,0.7122073173522949
1485993914.5338361,103301,0.9468711614608765
1485993915.3522785,103601,0.7901257872581482
1485993915.897654,103801,0.9283668994903564
1485993916.4440393,104001,0.6004248857498169
1485993917.78327,104501,0.6975753307342529
1485993919.6840165,105201,0.9338162541389465
1485993919.9496448,105301,0.7357722520828247
1485993920.754349,105601,0.4734387993812561
1485993921.3053565,105801,0.7402784824371338
1485993922.8955593,106401,0.7742042541503906
1485993923.1658702,106501,0.5297144651412964
1485993923.6959407,106701,0.4731375575065613
1485993924.231564,106901,0.6606348156929016
1485993925.3160143,107301,0.7062504887580872
1485993926.3867784,107701,0.5309537053108215
1485993926.934786,107901,0.9734141230583191
1485993928.287306,108401,0.804694414138794
1485993928.5593038,108501,0.9213702082633972
1485993928.8210974,108601,0.580808162689209
1485993930.7060893,109301,0.5677760243415833
1485993930.967804,109401,0.6305500864982605
1485993932.5642455,110001,0.531663179397583
1485993933.6429727,110401,0.800593912601471
1485993933.909229,110501,0.9459805488586426
1485993934.1760674,110601,0.31376200914382935
1485993936.593521,111501,0.5272778272628784
1485993937.121727,111701,0.608980655670166
1485993937.920278,112001,0.5440768003463745
1485993939.5231009,112601,0.8863869309425354
1485993939.7893648,112701,0.7509835958480835
1485993940.845452,113101,0.7777179479598999
1485993941.645321,113401,0.850645899772644
1485993941.9082415,113501,0.9279201626777649
1485993942.1805255,113601,0.644108772277832
1485993945.92422,115001,0.2602837085723877
1485993946.7243948,115301,0.3390294909477234
1485993947.5458202,115601,0.24364668130874634
1485993947.8159578,115701,0.7598402500152588
1485993948.0958467,115801,0.7865592241287231
1485993948.8986976,116101,0.7301217913627625
1485993949.1639743,116201,0.9523870348930359
1485993949.4323726,116301,0.9438509941101074
1485993954.2600596,118101,0.5811373591423035
1485993954.791698,118301,0.7409852743148804
1485993955.0549154,118401,0.9513091444969177
1485993955.6036832,118601,0.753822922706604
1485993955.870232,118701,0.3067978024482727
1485993956.6711276,119001,0.8758409023284912
1485993957.4635363,119301,0.7005475759506226
1485993957.7312477,119401,0.8521101474761963
1485993958.2691264,119601,0.5347980856895447
1485993958.8055813,119801,0.9061821103096008
1485993959.341727,120001,0.9275504946708679
1485993959.866224,120201,0.6644036769866943
1485993960.6585722,120501,0.46972036361694336
1485993961.1910741,120701,0.6837897896766663
1485993961.725113,120901,0.9449401497840881
1485993962.269104,121101,0.7025287747383118
1485993962.8084269,121301,0.8039007186889648
1485993963.3555188,121501,0.5591170787811279
1485993966.0332644,122501,0.36842554807662964
1485993967.0918918,122901,0.43952620029449463
1485993968.158561,123301,0.9274545311927795
1485993968.423268,123401,0.8057680130004883
1485993968.6904573,123501,0.7221091985702515
1485993969.2378693,123701,0.9386160969734192
1485993970.0467703,124001,0.7700918316841125
1485993970.8730779,124301,0.7242774963378906
1485993971.406977,124501,0.8883272409439087
1485993972.2316573,124801,0.8342661261558533
1485993973.8384492,125401,0.6999082565307617
1485993974.3854778,125601,0.3141945004463196
1485993974.923312,125801,0.7588834762573242
1485993975.1968508,125901,0.28725647926330566
1485993975.9975939,126201,0.9695199728012085
1485993976.2694778,126301,0.44711798429489136
1485993976.5312357,126401,0.7778785824775696
1485993977.3294811,126701,0.6623834371566772
1485993979.4942632,127501,0.6283935308456421
1485993980.8295507,128001,0.6873893737792969
1485993981.3871648,128201,0.9619171619415283
1485993983.0009432,128801,0.9448894262313843
1485993984.1002095,129201,0.9105976819992065
1485993984.3714275,129301,0.22221297025680542
1485993984.6379223,129401,0.5686718821525574
1485993984.910313,129501,0.7915271520614624
1485993986.5308735,130101,0.9069103002548218
1485993987.3296516,130401,0.6862000226974487
1485993989.1937482,131101,0.8796588778495789
1485993989.7337856,131301,0.6574121713638306
1485993990.5421393,131601,0.6559571027755737
1485993990.8102088,131701,0.9607141613960266
1485993991.6066,132001,0.6135592460632324
1485993991.869546,132101,0.9230700731277466
1485993993.1957023,132601,0.7112748026847839
1485993993.4632576,132701,0.4988377094268799
1485993993.7296746,132801,0.9384160041809082
1485993994.5397208,133101,0.6053458452224731
1485993995.3406215,133401,0.616445779800415
1485993995.6057854,133501,0.9755100011825562
1485993995.8743532,133601,0.813644528388977
1485993996.140808,133701,0.9331842064857483
1485993996.4141605,133801,0.8728756904602051
1485993998.0408354,134401,0.900422215461731
1485993999.6483984,135001,0.7860620617866516
1485994001.239635,135601,0.7042517066001892
1485994002.3258545,136001,0.5640660524368286
1485994002.865425,136201,0.8510322570800781
1485994004.2204466,136701,0.9049464464187622
1485994005.2956254,137101,0.8399635553359985
1485994007.1819613,137801,0.6946043968200684
1485994007.715802,138001,0.43073827028274536
1485994008.516935,138301,0.6828938722610474
1485994009.0633364,138501,0.6832276582717896
1485994009.3396795,138601,0.304121196269989
1485994010.1651597,138901,0.8761366009712219
1485994010.4371834,139001,0.7639463543891907
1485994010.965849,139201,0.6267772912979126
1485994011.236011,139301,0.45979392528533936
1485994012.041305,139601,0.5371185541152954
1485994016.6059725,141301,0.435314416885376
1485994016.8703325,141401,0.942156195640564
1485994017.1444137,141501,0.7471346259117126
1485994018.4930062,142001,0.5732743740081787
1485994019.3009098,142301,0.9189302325248718
1485994020.3570867,142701,0.8591784238815308
1485994020.6241486,142801,0.9474194645881653
1485994020.892056,142901,0.5178154706954956
1485994021.9542904,143301,0.537923276424408
1485994022.227826,143401,0.9390043020248413
1485994022.493716,143501,0.8732587099075317
1485994023.0349472,143701,0.9252781271934509
1485994023.577831,143901,0.7794515490531921
1485994024.107259,144101,0.9550892114639282
1485994024.6417487,144301,0.8317693471908569
1485994026.8515072,145101,0.755816638469696
1485994028.1974728,145601,0.6526603698730469
1485994028.4602716,145701,0.803950309753418
1485994030.865116,146601,0.9453674554824829
1485994031.1378553,146701,0.6890856623649597
1485994034.1141975,147801,0.518074631690979
1485994035.4520137,148301,0.8181529641151428
1485994036.2459447,148601,0.7929904460906982
1485994036.5095284,148701,0.47477132081985474
1485994037.3206365,149001,0.9615888595581055
1485994037.845293,149201,0.8572471141815186
1485994038.114786,149301,0.5608190298080444
1485994040.2600996,150101,0.9634172320365906
1485994040.5220306,150201,0.7927913665771484
1485994040.7835834,150301,0.7304893136024475
1485994041.0535018,150401,0.5135899782180786
1485994041.8506935,150701,0.8108664155006409
1485994042.3827693,150901,0.7657122015953064
1485994042.6467397,151001,0.9676235914230347
1485994043.0358593,151146,0.49397122859954834
1485994045.1874094,151946,0.9670544266700745
1485994046.517446,152446,0.41896307468414307
1485994046.7843907,152546,0.7014248967170715
1485994047.6074092,152846,0.7979716658592224
1485994049.4886096,153546,0.8147351741790771
1485994050.0327938,153746,0.7164130210876465
1485994052.748169,154746,0.15409743785858154
1485994054.093376,155246,0.8503812551498413
1485994054.369812,155346,0.7571437358856201
1485994054.9256341,155546,0.8468334674835205
1485994055.196317,155646,0.8993836641311646
1485994056.781983,156246,0.818427324295044
1485994057.0485208,156346,0.22277945280075073
1485994058.6926148,156946,0.7284508943557739
1485994058.968616,157046,0.7537317276000977
1485994061.3647757,157946,0.70639967918396
1485994062.4439578,158346,0.4842817187309265
1485994062.9757247,158546,0.837630033493042
1485994064.03983,158946,0.6954011917114258
1485994066.4544926,159846,0.708608865737915
1485994066.9985352,160046,0.6589443683624268
1485994067.801874,160346,0.6443653702735901
1485994068.3514879,160546,0.6701092720031738
1485994068.6160746,160646,0.7269267439842224
1485994069.9591498,161146,0.3135978579521179
1485994070.7566664,161446,0.6686074733734131
1485994072.086526,161946,0.3894619941711426
1485994072.6174302,162146,0.8491203784942627
1485994073.683245,162546,0.46206164360046387
1485994074.2210515,162746,0.40960395336151123
1485994074.4882662,162846,0.9438245296478271
1485994074.76006,162946,0.3702249526977539
1485994075.3081567,163146,0.5419830083847046
1485994075.8404682,163346,0.9496716260910034
1485994077.1665032,163846,0.783879280090332
1485994077.9704964,164146,0.6468092203140259
1485994078.5025089,164346,0.9641005396842957
1485994079.3152204,164646,0.770775556564331
1485994080.1168213,164946,0.6088520884513855
1485994081.1895046,165346,0.8337478637695312
1485994081.996535,165646,0.8030765652656555
1485994083.077382,166046,0.9458924531936646
1485994083.3472614,166146,0.6718137264251709
1485994083.612886,166246,0.6487601399421692
1485994085.4754417,166946,0.544897198677063
1485994086.0132103,167146,0.692194938659668
1485994086.5488322,167346,0.814049482345581
1485994087.3584583,167646,0.6785656809806824
1485994087.6252487,167746,0.5433543920516968
1485994089.2563777,168346,0.00318831205368042
1485994089.5236125,168446,0.84311842918396
1485994090.6144743,168846,0.5657155513763428
1485994091.6710327,169246,0.7427039742469788
1485994092.469444,169546,0.30942201614379883
1485994092.7305973,169646,0.851797878742218
1485994092.9948437,169746,0.7270046472549438
1485994093.2646933,169846,0.6075707674026489
1485994093.7966073,170046,0.5476832389831543
1485994094.6053073,170346,0.8051102757453918
1485994096.4744487,171046,0.7269948720932007
1485994096.7353592,171146,0.7222214937210083
1485994098.0878842,171646,0.6753934621810913
1485994098.6154032,171846,0.9631514549255371
1485994098.8838527,171946,0.42364704608917236
1485994099.1542592,172046,0.29852211475372314
1485994101.558453,172946,0.7349293231964111
1485994102.6275918,173346,0.7537575364112854
1485994102.893122,173446,0.8093927502632141
1485994103.1618543,173546,0.7770159244537354
1485994103.4317622,173646,0.3363193869590759
1485994103.9736354,173846,0.7539756894111633
1485994105.3083677,174346,0.5974078178405762
1485994105.5729725,174446,0.6913338899612427
1485994106.1105137,174646,0.8375365734100342
1485994106.3825927,174746,0.49056434631347656
1485994106.6527143,174846,0.6559700965881348
1485994107.464817,175146,0.7320428490638733
1485994107.9981265,175346,0.21659404039382935
1485994108.2630677,175446,0.9399731755256653
1485994108.5251267,175546,0.8105213642120361
1485994110.9669108,176446,0.5554729700088501
1485994111.774001,176746,0.6455695629119873
1485994114.2091088,177646,0.9498664140701294
1485994115.829706,178246,0.9780362844467163
1485994116.108119,178346,0.9710094332695007
1485994117.7404358,178946,0.9681700468063354
1485994118.025113,179046,0.6110972166061401
1485994118.2911394,179146,0.50250244140625
1485994118.8376973,179346,0.7719010710716248
1485994120.4457958,179946,0.7133824825286865
1485994122.049059,180546,0.7690012454986572
1485994122.321808,180646,0.813388466835022
1485994124.4846523,181446,0.852668285369873
1485994124.7479787,181546,0.5032503604888916
1485994125.5513203,181846,0.5435055494308472
1485994126.3787985,182146,0.2552794814109802
1485994127.4470038,182546,0.2237338423728943
1485994127.9805896,182746,0.8019614219665527
1485994129.0509784,183146,0.9378972053527832
1485994130.6560106,183746,0.7685576677322388
1485994131.7266335,184146,0.8531825542449951
1485994131.994415,184246,0.8076426386833191
1485994132.7947366,184546,0.9671241044998169
1485994133.330511,184746,0.9039259552955627
1485994134.1387372,185046,0.6576621532440186
1485994135.2047348,185446,0.5908963680267334
1485994135.7365553,185646,0.782339870929718
1485994136.2789037,185846,0.8561364412307739
1485994136.539981,185946,0.7988972663879395
1485994136.8098886,186046,0.9591134190559387
1485994138.6944585,186746,0.923098623752594
1485994139.22487,186946,0.8405929803848267
1485994139.4953122,187046,0.9414321184158325
1485994141.0857646,187646,0.7389892935752869
1485994141.3555121,187746,0.6595091819763184
1485994141.6244159,187846,0.9531053304672241
1485994142.171727,188046,0.9460997581481934
1485994142.720531,188246,0.5306799411773682
1485994145.9280708,189446,0.9115794897079468
1485994148.3355727,190346,0.8906248211860657
1485994149.4032474,190746,0.6692436933517456
1485994150.750814,191246,0.7966536283493042
1485994151.0153255,191346,0.6452287435531616
1485994152.3666852,191846,0.7138984799385071
1485994152.6256359,191946,0.5533391833305359
1485994152.8980224,192046,0.623502254486084
1485994153.9713852,192446,0.7239258885383606
1485994154.2385015,192546,0.29235953092575073
1485994155.8508954,193146,0.7394458055496216
1485994156.920896,193546,0.5143179893493652
1485994157.190616,193646,0.9585074782371521
1485994157.4635172,193746,0.7370765209197998
1485994157.9978755,193946,0.753370463848114
1485994158.269326,194046,0.6797438859939575
1485994159.6126306,194546,0.6107075214385986
1485994160.415509,194846,0.5058817863464355
1485994160.944469,195046,0.7548836469650269
1485994161.7522402,195346,0.9311941862106323
1485994162.5701327,195646,0.942980945110321
1485994163.3724272,195946,0.7583861351013184
1485994163.9106102,196146,0.9698769450187683
1485994165.5294726,196746,0.8149253726005554
1485994165.7959645,196846,0.7232156991958618
1485994166.3371882,197046,0.48638463020324707
1485994166.8724308,197246,0.9687460660934448
1485994169.2881775,198146,0.9658138751983643
1485994169.5543625,198246,0.569847583770752
1485994169.8193884,198346,0.599311351776123
1485994170.0846536,198446,0.4362866282463074
1485994173.8490071,199846,0.6335127353668213
1485994174.9212792,200246,0.8250683546066284
1485994175.9927707,200646,0.6989511847496033
1485994176.2633812,200746,0.5751045346260071
1485994177.0645177,201046,0.5699538588523865
1485994177.3347263,201146,0.9586235880851746
1485994178.1433067,201446,0.964715838432312
1485994178.6783102,201646,0.9586705565452576
1485994179.2141335,201846,0.6671313643455505
1485994180.5501437,202346,0.8267436623573303
1485994181.3613575,202646,0.9630892276763916
1485994181.8958845,202846,0.8132795095443726
1485994182.1735992,202946,0.9431104063987732
1485994182.7144005,203146,0.9350214004516602
1485994183.5267432,203446,0.5160583257675171
1485994184.3434246,203746,0.8632648587226868
1485994184.8696856,203946,0.5452806949615479
1485994185.688597,204246,0.6452692747116089
1485994186.493584,204546,0.8066971898078918
1485994186.7585416,204646,0.8229595422744751
1485994187.5627077,204946,0.28846240043640137
1485994188.3595996,205246,0.2720494866371155
1485994190.502643,206046,0.7818910479545593
1485994190.7667334,206146,0.3220946192741394
1485994191.3093827,206346,0.33420199155807495
1485994192.6463497,206846,0.7485710382461548
1485994193.9961278,207346,0.8302722573280334
1485994194.2743547,207446,0.5685094594955444
1485994194.5475297,207546,0.8248907327651978
1485994195.0785835,207746,0.3407607674598694
1485994195.3544476,207846,0.9655655026435852
1485994195.8912916,208046,0.5820465087890625
1485994196.436834,208246,0.7392967939376831
1485994197.2455785,208546,0.24883657693862915
1485994197.5162084,208646,0.09262853860855103
1485994198.60416,209046,0.2769228219985962
1485994199.9664466,209546,0.5169521570205688
1485994200.5058835,209746,0.794806957244873
1485994202.1141734,210346,0.8728571534156799
1485994202.3859773,210446,0.9174633026123047
1485994202.6526847,210546,0.7030823230743408
1485994202.9292274,210646,0.901614248752594
1485994203.2014513,210746,0.7686887979507446
1485994204.0034113,211046,0.9235138893127441
1485994204.5349822,211246,0.5793298482894897
1485994205.3362079,211546,0.5294680595397949
1485994205.6029038,211646,0.9433916807174683
1485994206.411828,211946,0.4996764063835144
1485994206.9644408,212146,0.640539824962616
1485994207.5102274,212346,0.8238453269004822
1485994207.7737381,212446,0.40553420782089233
1485994208.0393593,212546,0.9455225467681885
1485994209.0985906,212946,0.6283292174339294
1485994210.1643069,213346,0.9543976187705994
1485994210.4309583,213446,0.9534521102905273
1485994210.7007272,213546,0.767055332660675
1485994211.7740865,213946,0.40081048011779785
1485994212.0403535,214046,0.5380414724349976
1485994212.589622,214246,0.5858266353607178
1485994212.8507073,214346,0.7787466049194336
1485994213.3842967,214546,0.94842129945755
1485994213.6522176,214646,0.9072164297103882
1485994213.9160182,214746,0.8890478014945984
1485994214.451829,214946,0.6599283814430237
1485994214.7189708,215046,0.7640530467033386
1485994215.2529416,215246,0.7375286817550659
1485994216.0572717,215546,0.8296942710876465
1485994216.5867038,215746,0.3179253935813904
1485994216.8501687,215846,0.6780648827552795
1485994218.4592373,216446,0.8585361838340759
1485994218.726496,216546,0.7479884624481201
1485994218.989665,216646,0.5950508117675781
1485994220.0535586,217046,0.6687699556350708
1485994220.582242,217246,0.9737828373908997
1485994221.1160028,217446,0.8416920900344849
1485994222.1933992,217846,0.9595925807952881
1485994224.087681,218546,0.7153759598731995
1485994224.8870742,218846,0.677338719367981
1485994225.426459,219046,0.19135159254074097
1485994225.9637632,219246,0.9768275618553162
1485994226.2371228,219346,0.950944721698761
1485994227.3187628,219746,0.7607269287109375
1485994227.8451738,219946,0.7637414932250977
1485994228.1142514,220046,0.6554518938064575
1485994228.3795762,220146,0.26916980743408203
1485994229.189558,220446,0.9431610703468323
1485994230.279105,220846,0.6036304235458374
1485994230.5541594,220946,0.5757930874824524
1485994231.3653996,221246,0.30159586668014526
1485994232.1681805,221546,0.9544824361801147
1485994233.2454917,221946,0.19461852312088013
1485994234.8566282,222546,0.9498675465583801
1485994235.1241443,222646,0.838833212852478
1485994235.915828,222946,0.7565617561340332
1485994236.1806393,223046,0.9511134624481201
1485994236.715058,223246,0.208398699760437
1485994237.5224075,223546,0.8282785415649414
1485994238.0670562,223746,0.5862342119216919
1485994238.3428936,223846,0.8466893434524536
1485994238.8865068,224046,0.968143880367279
1485994239.1551945,224146,0.392208993434906
1485994239.4224293,224246,0.5632331371307373
1485994239.6880836,224346,0.9424662590026855
1485994240.224042,224546,0.43533968925476074
1485994240.7597525,224746,0.9607731103897095
1485994241.029661,224846,0.9467297196388245
1485994242.114016,225246,0.41355204582214355
1485994242.3834288,225346,0.7665542364120483
1485994242.9108968,225546,0.6713821887969971
1485994243.7229924,225846,0.9056515097618103
1485994244.2599313,226046,0.9661484956741333
1485994245.052919,226346,0.9707048535346985
1485994248.2444828,227546,0.9128094911575317
1485994249.3334143,227946,0.8615448474884033
1485994250.1511729,228246,0.8046658039093018
1485994251.494147,228746,0.9522848725318909
1485994252.0220842,228946,0.7409695386886597
1485994252.8150764,229246,0.7879104018211365
1485994254.4363835,229846,0.7371833324432373
1485994254.7010756,229946,0.8730106353759766
1485994255.2582457,230146,0.7175805568695068
1485994256.050323,230446,0.8477930426597595
1485994256.8485072,230746,0.9059323668479919
1485994257.112918,230846,0.7866078615188599
1485994257.3853636,230946,0.7322937250137329
1485994259.804898,231846,0.5424608588218689
1485994260.0735788,231946,0.6735731959342957
1485994260.3430614,232046,0.8084374666213989
1485994260.6056511,232146,0.7547141313552856
1485994261.1439302,232346,0.9431070685386658
1485994261.6906922,232546,0.8799663186073303
1485994262.4889927,232846,0.890172004699707
1485994263.8236713,233346,0.6995937824249268
1485994264.3608956,233546,0.30753767490386963
1485994264.6254904,233646,0.9463067650794983
1485994264.888479,233746,0.660819411277771
1485994265.157049,233846,0.9426670670509338
1485994267.3077476,234646,0.4770166277885437
1485994269.7003515,235546,0.5912138819694519
1485994271.0442507,236046,0.6258553862571716
1485994273.1960275,236846,0.753456711769104
1485994273.469879,236946,0.6819016933441162
1485994274.2779229,237246,0.35625505447387695
1485994275.3613713,237646,0.6192055940628052
1485994276.1588264,237946,0.973617672920227
1485994277.2375124,238346,0.6494389772415161
1485994278.0313802,238646,0.9423609972000122
1485994278.8352392,238946,0.8974834680557251
1485994279.103846,239046,0.7823439240455627
1485994279.3821304,239146,0.7199640870094299
1485994279.914427,239346,0.5848314762115479
1485994282.07499,240146,0.8639681339263916
1485994282.6095212,240346,0.4441269636154175
1485994283.1430538,240546,0.8941825032234192
1485994283.6829534,240746,0.4873872995376587
1485994285.005283,241246,0.7229377031326294
1485994286.3523784,241746,0.7708058953285217
1485994288.5282452,242546,0.5100831985473633
1485994288.7896113,242646,0.6948570609092712
1485994289.05721,242746,0.9331642985343933
1485994290.1405985,243146,0.7118768095970154
1485994290.9414482,243446,0.8555488586425781
1485994291.7439408,243746,0.6843885183334351
1485994293.9031692,244546,0.8886755108833313
1485994294.4343185,244746,0.959865391254425
1485994295.505838,245146,0.7200109958648682
1485994295.773369,245246,0.4500405788421631
1485994296.0384665,245346,0.9822078347206116
1485994296.3095276,245446,0.7980775833129883
1485994296.8401852,245646,0.9072347283363342
1485994297.3809903,245846,0.538750410079956
1485994298.1946058,246146,0.18427783250808716
1485994299.0031314,246446,0.9602664113044739
1485994299.8205698,246746,0.3726978302001953
1485994300.3541143,246946,0.7169342637062073
1485994302.2163384,247646,0.5433334112167358
1485994303.3027115,248046,0.7713418006896973
1485994303.8283916,248246,0.9476205110549927
1485994304.3684232,248446,0.6930468082427979
1485994304.9154856,248646,0.8961554765701294
1485994305.1859212,248746,0.9608923196792603
1485994305.7321956,248946,0.5791125893592834
1485994306.5486095,249246,0.8074876666069031
1485994307.0823026,249446,0.9756850004196167
1485994307.8802555,249746,0.9761441946029663
1485994308.4169927,249946,0.6778931021690369
1485994309.2151768,250246,0.9688581824302673
1485994309.4857252,250346,0.30254584550857544
1485994309.7530956,250446,0.8742841482162476
1485994312.4271135,251446,0.52886962890625
1485994312.690129,251546,0.9599689245223999
1485994313.233464,251746,0.6848951578140259
1485994313.5042794,251846,0.4195665121078491
1485994313.7739255,251946,0.6338406801223755
1485994314.0393734,252046,0.9749771356582642
1485994314.8463902,252346,0.57762211561203
1485994315.1220675,252446,0.8299212455749512
1485994315.6531956,252646,0.9673886299133301
1485994316.458755,252946,0.657860279083252
1485994316.9860063,253146,0.15325140953063965
1485994317.5208778,253346,0.3046919107437134
1485994318.0603914,253546,0.9632663130760193
1485994320.4728694,254446,0.8666719198226929
1485994320.7362597,254546,0.7989076972007751
1485994321.5398154,254846,0.9628793597221375
1485994322.0833921,255046,0.6124236583709717
1485994322.6128247,255246,0.7820475101470947
1485994323.1535559,255446,0.8276264071464539
1485994323.683748,255646,0.7880879044532776
1485994323.9547215,255746,0.5425680875778198
1485994324.7559783,256046,0.9289680123329163
1485994326.390636,256646,0.47324222326278687
1485994326.6577241,256746,0.9685538411140442
1485994327.7241137,257146,0.8011490106582642
1485994328.52354,257446,0.9363301396369934
1485994329.3432927,257746,0.4769173264503479
1485994329.8826923,257946,0.6630702018737793
1485994330.1532931,258046,0.9463831782341003
1485994331.3093238,258446,0.8755211234092712
1485994332.401118,258846,0.6759028434753418
1485994333.2148438,259146,0.9226853251457214
1485994333.4800963,259246,0.6823136806488037
1485994333.7608016,259346,0.6186821460723877
1485994334.0299234,259446,0.8313341736793518
1485994334.8695571,259746,0.8756908774375916
1485994335.9460437,260146,0.974940836429596
1485994336.4802206,260346,0.5810078382492065
1485994337.5535197,260746,0.9485529661178589
1485994337.8278487,260846,0.8992153406143188
1485994338.3686376,261046,0.5358749032020569
1485994338.6339788,261146,0.7875802516937256
1485994339.9805422,261646,0.3205922245979309
1485994340.7808378,261946,0.7502336502075195
1485994341.0508084,262046,0.8465571999549866
1485994341.589823,262246,0.9596114754676819
1485994342.130592,262446,0.5434809923171997
1485994342.6648078,262646,0.7088123559951782
1485994342.9305103,262746,0.6138759851455688
1485994343.7385402,263046,0.5587819218635559
1485994344.001231,263146,0.9672157764434814
1485994344.5273755,263346,0.6365126371383667
1485994345.3308692,263646,0.9068252444267273
1485994345.6054952,263746,0.7561832070350647
1485994346.1427777,263946,0.9711710214614868
1485994347.7409737,264546,0.9265806674957275
1485994348.5398142,264846,0.5039504766464233
1485994349.356186,265146,0.9707457423210144
1485994349.6179008,265246,0.9201842546463013
1485994350.6873078,265646,0.5476765632629395
1485994352.317407,266246,0.6291710734367371
1485994355.7998967,267546,0.8906310200691223
1485994356.8781126,267946,0.8316130638122559
1485994357.424026,268146,0.9487563967704773
1485994358.8038378,268646,0.9205193519592285
1485994359.6157236,268946,0.572592556476593
1485994360.1509807,269146,0.5656736493110657
1485994361.2361207,269546,0.15963304042816162
1485994362.5663857,270046,0.8855844140052795
1485994363.6391115,270446,0.8774340152740479
1485994364.7059128,270846,0.9231178760528564
1485994365.5294352,271146,0.5665090084075928
1485994367.953963,272046,0.8024786114692688
1485994369.555301,272646,0.6219327449798584
1485994372.2624052,273646,0.9337639808654785
1485994372.5312412,273746,0.9721919298171997
1485994372.792816,273846,0.23132485151290894
1485994373.5943651,274146,0.606857419013977
1485994373.85926,274246,0.9134270548820496
1485994375.2175858,274746,0.9383739829063416
1485994375.7502654,274946,0.9663388133049011
1485994376.8256385,275346,0.7231084108352661
1485994377.0918643,275446,0.7946691513061523
1485994377.3672254,275546,0.8936307430267334
1485994377.640709,275646,0.9491996765136719
1485994377.9062514,275746,0.42198216915130615
1485994378.1739507,275846,0.8430930376052856
1485994378.4420822,275946,0.96064293384552
1485994380.5851977,276746,0.7465050220489502
1485994381.3902378,277046,0.8291605710983276
1485994383.0085487,277646,0.5825625658035278
1485994386.7683537,279046,0.6951333284378052
1485994387.033433,279146,0.3266308307647705
1485994387.3045504,279246,0.9687284231185913
1485994389.1703155,279946,0.6001905798912048
1485994390.5140224,280446,0.5665032863616943
1485994391.314411,280746,0.7425941824913025
1485994391.848524,280946,0.9678487181663513
1485994392.11538,281046,0.16550582647323608
1485994392.3871622,281146,0.9189220666885376
1485994392.6512747,281246,0.5848456621170044
1485994393.7178254,281646,0.9554299712181091
1485994395.8725796,282446,0.33012813329696655
1485994396.1514804,282546,0.05495500564575195
1485994396.953673,282846,0.8584632873535156
1485994397.5010138,283046,0.6177717447280884
1485994397.7698927,283146,0.9215285778045654
1485994398.305647,283346,0.9179818034172058
1485994399.6519144,283846,0.94166100025177
1485994401.5308464,284546,0.9747025966644287
1485994402.0624435,284746,0.9538530111312866
1485994402.8859694,285046,0.40684235095977783
1485994403.4277208,285246,0.8643631935119629
1485994404.7514637,285746,0.9678232073783875
1485994405.5584817,286046,0.7760263681411743
1485994406.3646913,286346,0.2107325792312622
1485994408.7587197,287246,0.8608067631721497
1485994409.027935,287346,0.7306259870529175
1485994409.8317008,287646,0.9274958372116089
1485994410.659126,287946,0.900966465473175
1485994411.19355,288146,0.8396327495574951
1485994411.4605477,288246,0.541159987449646
1485994413.049487,288846,0.6978126764297485
1485994413.8543892,289146,0.2632049322128296
1485994414.1229815,289246,0.9546732902526855
1485994414.66139,289446,0.22229671478271484
1485994415.4626508,289746,0.9611539840698242
1485994415.998729,289946,0.891616702079773
1485994416.53051,290146,0.7412660121917725
1485994417.3283837,290446,0.7409995794296265
1485994417.5916016,290546,0.8086142539978027
1485994417.8570054,290646,0.5348503589630127
1485994419.7294755,291346,0.4405825734138489
1485994421.0539634,291846,0.7811499238014221
1485994421.5916321,292046,0.8052153587341309
1485994421.8580196,292146,0.44403666257858276
1485994422.1254008,292246,0.6983791589736938
1485994423.2041717,292646,0.7020367383956909
1485994423.4726517,292746,0.5435878038406372
1485994424.8094215,293246,0.9597235918045044
1485994425.092436,293346,0.9176112413406372
1485994426.1818497,293746,0.8662999868392944
1485994426.9917932,294046,0.8060377240180969
1485994427.2583802,294146,0.559234619140625
1485994427.8015985,294346,0.5425060987472534
1485994429.6795125,295046,0.6151880621910095
1485994429.949362,295146,0.9547021985054016
1485994431.3044374,295646,0.6548207998275757
1485994434.50666,296846,0.9741478562355042
1485994435.8560722,297346,0.5377353429794312
1485994436.39602,297546,0.8537513017654419
1485994436.656107,297646,0.9481048583984375
1485994437.4654047,297946,0.9292223453521729
1485994437.733246,298046,0.9663068652153015
1485994440.1761303,298946,0.8432055711746216
1485994441.7742198,299546,0.9429055452346802
1485994442.8439913,299946,0.7384279370307922
1485994443.1116598,300046,0.9665152430534363
1485994444.1975954,300446,0.5912379026412964
1485994444.7305286,300646,0.9610455632209778
1485994445.2954104,300846,0.578687310218811
1485994445.8421557,301046,0.5849004983901978
1485994446.392631,301246,0.7966541647911072
1485994447.1954284,301546,0.7308294177055359
1485994447.4596877,301646,0.8441593050956726
1485994447.7272081,301746,0.8407560586929321
1485994448.5181267,302046,0.9718858599662781
